Model name,Dataset / asset,Model family,Feature set,Directional Accuracy,Accuracy,Precision,Recall,F1,Specificity,Balanced Accuracy,Predicted up rate,True up rate,Majority baseline accuracy,Momentum baseline accuracy,Validation threshold,Threshold objective,Validation F1,Validation accuracy,Validation balanced accuracy,Sharpe ratio,Information coefficient,Training time,Inference time,Parameter count,Data source,Notes
Majority baseline,AAPL,Baseline,Target distribution,0.5333333333333333,0.5333333333333333,0.5333333333333333,1.0,0.6956521739130436,0.0,0.5,1.0,0.5333333333333333,0.5333333333333333,0.5,N/A,N/A,N/A,N/A,N/A,1.0410547715271452,N/A,0.0,0.0,0.0,yfinance,Time-ordered test baseline for the next-day up/down prediction track.
Momentum baseline,AAPL,Baseline,Previous-day return sign,0.5,0.5,0.53125,0.53125,0.53125,0.4642857142857143,0.49776785714285715,0.5333333333333333,0.5333333333333333,0.5333333333333333,0.5,N/A,N/A,N/A,N/A,N/A,-0.18974080588855832,N/A,0.0,0.0,0.0,yfinance,Time-ordered test baseline for the next-day up/down prediction track.
ANN,AAPL,ANNClassifier,"Open, High, Low, Close, Volume, RSI, MACD, MACD_Signal, MACD_Hist, SMA5, SMA10, SMA20, ADX, Return_1, Log_Return_1, Return_2, Return_5, Momentum_3, Momentum_5, Volatility_5, Volatility_10, Volatility_20, Close_SMA5_Ratio, Close_SMA10_Ratio, Close_SMA20_Ratio, High_Low_Range, Open_Close_Range, Volume_Change, Volume_ZScore_20",0.5333333333333333,0.5333333333333333,0.5333333333333333,1.0,0.6956521739130436,0.0,0.5,1.0,0.5333333333333333,0.5333333333333333,0.5,0.49,f1,0.6764705882352942,0.5111111111111111,0.4946236559139785,1.0410547715271452,-0.09801169714428017,23.28373929999998,0.12416299999995317,2641.0,yfinance,"Classical ANN comparison from the interim qubit/qutrit paper track. Bidirectional direction track: next-day up/down target, train-only feature scaling, time-ordered train/validation/test split, validation-calibrated probability threshold. Feature count=29, hidden_dim=48, device=cuda."
QQBN,AAPL,QQBNClassifier,"Open, High, Low, Close, Volume, RSI, MACD, MACD_Signal, MACD_Hist, SMA5, SMA10, SMA20, ADX, Return_1, Log_Return_1, Return_2, Return_5, Momentum_3, Momentum_5, Volatility_5, Volatility_10, Volatility_20, Close_SMA5_Ratio, Close_SMA10_Ratio, Close_SMA20_Ratio, High_Low_Range, Open_Close_Range, Volume_Change, Volume_ZScore_20",0.5333333333333333,0.5333333333333333,0.5333333333333333,1.0,0.6956521739130436,0.0,0.5,1.0,0.5333333333333333,0.5333333333333333,0.5,0.51,f1,0.6764705882352942,0.5111111111111111,0.4946236559139785,1.0410547715271452,-0.039211055888455124,8.947905699999865,0.23474290000012843,4033.0,yfinance,"Qubit-inspired comparison model from the interim QQBN track. Bidirectional direction track: next-day up/down target, train-only feature scaling, time-ordered train/validation/test split, validation-calibrated probability threshold. Feature count=29, hidden_dim=48, device=cuda."
QQTN,AAPL,QQTNClassifier,"Open, High, Low, Close, Volume, RSI, MACD, MACD_Signal, MACD_Hist, SMA5, SMA10, SMA20, ADX, Return_1, Log_Return_1, Return_2, Return_5, Momentum_3, Momentum_5, Volatility_5, Volatility_10, Volatility_20, Close_SMA5_Ratio, Close_SMA10_Ratio, Close_SMA20_Ratio, High_Low_Range, Open_Close_Range, Volume_Change, Volume_ZScore_20",0.5333333333333333,0.5333333333333333,0.5333333333333333,1.0,0.6956521739130436,0.0,0.5,1.0,0.5333333333333333,0.5333333333333333,0.5,0.495,f1,0.6814814814814815,0.5222222222222223,0.5061179087875417,1.0410547715271452,-0.008405202122513175,0.8450844999997571,0.001638499999899068,5425.0,yfinance,"Main bidirectional model. Reuses the qutrit-inspired three-state feature map from the interim QQTN track. Bidirectional direction track: next-day up/down target, train-only feature scaling, time-ordered train/validation/test split, validation-calibrated probability threshold. Feature count=29, hidden_dim=48, device=cuda."
QQTN balanced threshold,AAPL,QQTNClassifier,"Open, High, Low, Close, Volume, RSI, MACD, MACD_Signal, MACD_Hist, SMA5, SMA10, SMA20, ADX, Return_1, Log_Return_1, Return_2, Return_5, Momentum_3, Momentum_5, Volatility_5, Volatility_10, Volatility_20, Close_SMA5_Ratio, Close_SMA10_Ratio, Close_SMA20_Ratio, High_Low_Range, Open_Close_Range, Volume_Change, Volume_ZScore_20",0.5333333333333333,0.5333333333333333,0.5333333333333333,1.0,0.6956521739130436,0.0,0.5,1.0,0.5333333333333333,0.5333333333333333,0.5,0.51,balanced_accuracy,0.674329501915709,0.5277777777777778,0.5133481646273638,1.0410547715271452,-0.008405202122513175,0.8450844999997571,0.001638499999899068,5425.0,yfinance,"Same trained QQTN probabilities as the main row, but the validation threshold optimizes balanced accuracy to reduce one-sided up/down predictions. Main bidirectional model. Reuses the qutrit-inspired three-state feature map from the interim QQTN track. Bidirectional direction track: next-day up/down target, train-only feature scaling, time-ordered train/validation/test split, validation-calibrated probability threshold. Feature count=29, hidden_dim=48, device=cuda."
ANN+QQBN+QQTN ensemble,AAPL,ANN/QQBN/QQTN calibrated ensemble,"Open, High, Low, Close, Volume, RSI, MACD, MACD_Signal, MACD_Hist, SMA5, SMA10, SMA20, ADX, Return_1, Log_Return_1, Return_2, Return_5, Momentum_3, Momentum_5, Volatility_5, Volatility_10, Volatility_20, Close_SMA5_Ratio, Close_SMA10_Ratio, Close_SMA20_Ratio, High_Low_Range, Open_Close_Range, Volume_Change, Volume_ZScore_20",0.5333333333333333,0.5333333333333333,0.5333333333333333,1.0,0.6956521739130436,0.0,0.5,1.0,0.5333333333333333,0.5333333333333333,0.5,0.5299999999999999,accuracy,0.6379310344827587,0.5333333333333333,0.5242862439747868,1.0410547715271452,-0.0669249859452713,0.0,0.0,0.0,yfinance,"Validation-calibrated probability average over the reused interim ANN, QQBN, and QQTN models. This is an ensemble view, not a new paper architecture."
ANN+QQBN+QQTN balanced ensemble,AAPL,ANN/QQBN/QQTN calibrated ensemble,"Open, High, Low, Close, Volume, RSI, MACD, MACD_Signal, MACD_Hist, SMA5, SMA10, SMA20, ADX, Return_1, Log_Return_1, Return_2, Return_5, Momentum_3, Momentum_5, Volatility_5, Volatility_10, Volatility_20, Close_SMA5_Ratio, Close_SMA10_Ratio, Close_SMA20_Ratio, High_Low_Range, Open_Close_Range, Volume_Change, Volume_ZScore_20",0.5333333333333333,0.5333333333333333,0.5333333333333333,1.0,0.6956521739130436,0.0,0.5,1.0,0.5333333333333333,0.5333333333333333,0.5,0.5299999999999999,balanced_accuracy,0.6379310344827587,0.5333333333333333,0.5242862439747868,1.0410547715271452,-0.0669249859452713,0.0,0.0,0.0,yfinance,"Same probability average as the ensemble row, but with the validation threshold optimized for balanced accuracy. This row is included to inspect the up/down class balance directly."
Majority baseline,MSFT,Baseline,Target distribution,0.4722222222222222,0.4722222222222222,0.4722222222222222,1.0,0.6415094339622641,0.0,0.5,1.0,0.4722222222222222,0.4722222222222222,0.5555555555555556,N/A,N/A,N/A,N/A,N/A,-1.15031523653609,N/A,0.0,0.0,0.0,yfinance,Time-ordered test baseline for the next-day up/down prediction track.
Momentum baseline,MSFT,Baseline,Previous-day return sign,0.5555555555555556,0.5555555555555556,0.5294117647058824,0.5294117647058824,0.5294117647058824,0.5789473684210527,0.5541795665634675,0.4722222222222222,0.4722222222222222,0.4722222222222222,0.5555555555555556,N/A,N/A,N/A,N/A,N/A,1.975329416312881,N/A,0.0,0.0,0.0,yfinance,Time-ordered test baseline for the next-day up/down prediction track.
ANN,MSFT,ANNClassifier,"Open, High, Low, Close, Volume, RSI, MACD, MACD_Signal, MACD_Hist, SMA5, SMA10, SMA20, ADX, Return_1, Log_Return_1, Return_2, Return_5, Momentum_3, Momentum_5, Volatility_5, Volatility_10, Volatility_20, Close_SMA5_Ratio, Close_SMA10_Ratio, Close_SMA20_Ratio, High_Low_Range, Open_Close_Range, Volume_Change, Volume_ZScore_20",0.4777777777777778,0.4777777777777778,0.4745762711864407,0.9882352941176471,0.6412213740458015,0.021052631578947368,0.5046439628482973,0.9833333333333333,0.4722222222222222,0.4722222222222222,0.5555555555555556,0.495,f1,0.6893939393939396,0.5444444444444444,0.5069686411149826,-0.9525860218350233,-0.06936401990844236,0.6924694999997882,0.000764800000069954,2641.0,yfinance,"Classical ANN comparison from the interim qubit/qutrit paper track. Bidirectional direction track: next-day up/down target, train-only feature scaling, time-ordered train/validation/test split, validation-calibrated probability threshold. Feature count=29, hidden_dim=48, device=cuda."
QQBN,MSFT,QQBNClassifier,"Open, High, Low, Close, Volume, RSI, MACD, MACD_Signal, MACD_Hist, SMA5, SMA10, SMA20, ADX, Return_1, Log_Return_1, Return_2, Return_5, Momentum_3, Momentum_5, Volatility_5, Volatility_10, Volatility_20, Close_SMA5_Ratio, Close_SMA10_Ratio, Close_SMA20_Ratio, High_Low_Range, Open_Close_Range, Volume_Change, Volume_ZScore_20",0.4722222222222222,0.4722222222222222,0.4722222222222222,1.0,0.6415094339622641,0.0,0.5,1.0,0.4722222222222222,0.4722222222222222,0.5555555555555556,0.46499999999999997,f1,0.700361010830325,0.5388888888888889,0.49489795918367346,-1.15031523653609,-0.05244967126512739,0.5990712999996504,0.002182100000027276,4033.0,yfinance,"Qubit-inspired comparison model from the interim QQBN track. Bidirectional direction track: next-day up/down target, train-only feature scaling, time-ordered train/validation/test split, validation-calibrated probability threshold. Feature count=29, hidden_dim=48, device=cuda."
QQTN,MSFT,QQTNClassifier,"Open, High, Low, Close, Volume, RSI, MACD, MACD_Signal, MACD_Hist, SMA5, SMA10, SMA20, ADX, Return_1, Log_Return_1, Return_2, Return_5, Momentum_3, Momentum_5, Volatility_5, Volatility_10, Volatility_20, Close_SMA5_Ratio, Close_SMA10_Ratio, Close_SMA20_Ratio, High_Low_Range, Open_Close_Range, Volume_Change, Volume_ZScore_20",0.48333333333333334,0.48333333333333334,0.47752808988764045,1.0,0.6463878326996197,0.021052631578947368,0.5105263157894737,0.9888888888888889,0.4722222222222222,0.4722222222222222,0.5555555555555556,0.51,f1,0.7007299270072993,0.5444444444444444,0.5019910403185665,-0.7609637526112233,0.24632334169690417,0.6384836000001997,0.0024914999999055,5425.0,yfinance,"Main bidirectional model. Reuses the qutrit-inspired three-state feature map from the interim QQTN track. Bidirectional direction track: next-day up/down target, train-only feature scaling, time-ordered train/validation/test split, validation-calibrated probability threshold. Feature count=29, hidden_dim=48, device=cuda."
QQTN balanced threshold,MSFT,QQTNClassifier,"Open, High, Low, Close, Volume, RSI, MACD, MACD_Signal, MACD_Hist, SMA5, SMA10, SMA20, ADX, Return_1, Log_Return_1, Return_2, Return_5, Momentum_3, Momentum_5, Volatility_5, Volatility_10, Volatility_20, Close_SMA5_Ratio, Close_SMA10_Ratio, Close_SMA20_Ratio, High_Low_Range, Open_Close_Range, Volume_Change, Volume_ZScore_20",0.48333333333333334,0.48333333333333334,0.47752808988764045,1.0,0.6463878326996197,0.021052631578947368,0.5105263157894737,0.9888888888888889,0.4722222222222222,0.4722222222222222,0.5555555555555556,0.51,balanced_accuracy,0.7007299270072993,0.5444444444444444,0.5019910403185665,-0.7609637526112233,0.24632334169690417,0.6384836000001997,0.0024914999999055,5425.0,yfinance,"Same trained QQTN probabilities as the main row, but the validation threshold optimizes balanced accuracy to reduce one-sided up/down predictions. Main bidirectional model. Reuses the qutrit-inspired three-state feature map from the interim QQTN track. Bidirectional direction track: next-day up/down target, train-only feature scaling, time-ordered train/validation/test split, validation-calibrated probability threshold. Feature count=29, hidden_dim=48, device=cuda."
ANN+QQBN+QQTN ensemble,MSFT,ANN/QQBN/QQTN calibrated ensemble,"Open, High, Low, Close, Volume, RSI, MACD, MACD_Signal, MACD_Hist, SMA5, SMA10, SMA20, ADX, Return_1, Log_Return_1, Return_2, Return_5, Momentum_3, Momentum_5, Volatility_5, Volatility_10, Volatility_20, Close_SMA5_Ratio, Close_SMA10_Ratio, Close_SMA20_Ratio, High_Low_Range, Open_Close_Range, Volume_Change, Volume_ZScore_20",0.4722222222222222,0.4722222222222222,0.4722222222222222,1.0,0.6415094339622641,0.0,0.5,1.0,0.4722222222222222,0.4722222222222222,0.5555555555555556,0.495,accuracy,0.6911764705882353,0.5333333333333333,0.4917869586859134,-1.15031523653609,0.10569017999513235,0.0,0.0,0.0,yfinance,"Validation-calibrated probability average over the reused interim ANN, QQBN, and QQTN models. This is an ensemble view, not a new paper architecture."
ANN+QQBN+QQTN balanced ensemble,MSFT,ANN/QQBN/QQTN calibrated ensemble,"Open, High, Low, Close, Volume, RSI, MACD, MACD_Signal, MACD_Hist, SMA5, SMA10, SMA20, ADX, Return_1, Log_Return_1, Return_2, Return_5, Momentum_3, Momentum_5, Volatility_5, Volatility_10, Volatility_20, Close_SMA5_Ratio, Close_SMA10_Ratio, Close_SMA20_Ratio, High_Low_Range, Open_Close_Range, Volume_Change, Volume_ZScore_20",0.4722222222222222,0.4722222222222222,0.4722222222222222,1.0,0.6415094339622641,0.0,0.5,1.0,0.4722222222222222,0.4722222222222222,0.5555555555555556,0.495,balanced_accuracy,0.6911764705882353,0.5333333333333333,0.4917869586859134,-1.15031523653609,0.10569017999513235,0.0,0.0,0.0,yfinance,"Same probability average as the ensemble row, but with the validation threshold optimized for balanced accuracy. This row is included to inspect the up/down class balance directly."
Majority baseline,GOOGL,Baseline,Target distribution,0.5111111111111111,0.5111111111111111,0.5111111111111111,1.0,0.676470588235294,0.0,0.5,1.0,0.5111111111111111,0.5111111111111111,0.46111111111111114,N/A,N/A,N/A,N/A,N/A,1.9139168254082826,N/A,0.0,0.0,0.0,yfinance,Time-ordered test baseline for the next-day up/down prediction track.
Momentum baseline,GOOGL,Baseline,Previous-day return sign,0.46111111111111114,0.46111111111111114,0.4725274725274725,0.4673913043478261,0.4699453551912569,0.45454545454545453,0.4609683794466403,0.5055555555555555,0.5111111111111111,0.5111111111111111,0.46111111111111114,N/A,N/A,N/A,N/A,N/A,-0.8154002265687389,N/A,0.0,0.0,0.0,yfinance,Time-ordered test baseline for the next-day up/down prediction track.
ANN,GOOGL,ANNClassifier,"Open, High, Low, Close, Volume, RSI, MACD, MACD_Signal, MACD_Hist, SMA5, SMA10, SMA20, ADX, Return_1, Log_Return_1, Return_2, Return_5, Momentum_3, Momentum_5, Volatility_5, Volatility_10, Volatility_20, Close_SMA5_Ratio, Close_SMA10_Ratio, Close_SMA20_Ratio, High_Low_Range, Open_Close_Range, Volume_Change, Volume_ZScore_20",0.5111111111111111,0.5111111111111111,0.5111111111111111,1.0,0.676470588235294,0.0,0.5,1.0,0.5111111111111111,0.5111111111111111,0.46111111111111114,0.5049999999999999,f1,0.6861313868613138,0.5222222222222223,0.49473684210526314,1.9139168254082826,-0.0682399092461582,0.6311784000004081,0.0011802999997598818,2641.0,yfinance,"Classical ANN comparison from the interim qubit/qutrit paper track. Bidirectional direction track: next-day up/down target, train-only feature scaling, time-ordered train/validation/test split, validation-calibrated probability threshold. Feature count=29, hidden_dim=48, device=cuda."
QQBN,GOOGL,QQBNClassifier,"Open, High, Low, Close, Volume, RSI, MACD, MACD_Signal, MACD_Hist, SMA5, SMA10, SMA20, ADX, Return_1, Log_Return_1, Return_2, Return_5, Momentum_3, Momentum_5, Volatility_5, Volatility_10, Volatility_20, Close_SMA5_Ratio, Close_SMA10_Ratio, Close_SMA20_Ratio, High_Low_Range, Open_Close_Range, Volume_Change, Volume_ZScore_20",0.5111111111111111,0.5111111111111111,0.5111111111111111,1.0,0.676470588235294,0.0,0.5,1.0,0.5111111111111111,0.5111111111111111,0.46111111111111114,0.52,f1,0.6861313868613138,0.5222222222222223,0.49473684210526314,1.9139168254082826,-0.04988219388307434,0.6949428000002627,0.001026099999762664,4033.0,yfinance,"Qubit-inspired comparison model from the interim QQBN track. Bidirectional direction track: next-day up/down target, train-only feature scaling, time-ordered train/validation/test split, validation-calibrated probability threshold. Feature count=29, hidden_dim=48, device=cuda."
QQTN,GOOGL,QQTNClassifier,"Open, High, Low, Close, Volume, RSI, MACD, MACD_Signal, MACD_Hist, SMA5, SMA10, SMA20, ADX, Return_1, Log_Return_1, Return_2, Return_5, Momentum_3, Momentum_5, Volatility_5, Volatility_10, Volatility_20, Close_SMA5_Ratio, Close_SMA10_Ratio, Close_SMA20_Ratio, High_Low_Range, Open_Close_Range, Volume_Change, Volume_ZScore_20",0.5111111111111111,0.5111111111111111,0.5114942528735632,0.967391304347826,0.6691729323308271,0.03409090909090909,0.5007411067193676,0.9666666666666667,0.5111111111111111,0.5111111111111111,0.46111111111111114,0.48,f1,0.6861313868613138,0.5222222222222223,0.49473684210526314,1.6930257184755841,-0.07420906802455045,0.5947608999999829,0.0018709000000853848,5425.0,yfinance,"Main bidirectional model. Reuses the qutrit-inspired three-state feature map from the interim QQTN track. Bidirectional direction track: next-day up/down target, train-only feature scaling, time-ordered train/validation/test split, validation-calibrated probability threshold. Feature count=29, hidden_dim=48, device=cuda."
QQTN balanced threshold,GOOGL,QQTNClassifier,"Open, High, Low, Close, Volume, RSI, MACD, MACD_Signal, MACD_Hist, SMA5, SMA10, SMA20, ADX, Return_1, Log_Return_1, Return_2, Return_5, Momentum_3, Momentum_5, Volatility_5, Volatility_10, Volatility_20, Close_SMA5_Ratio, Close_SMA10_Ratio, Close_SMA20_Ratio, High_Low_Range, Open_Close_Range, Volume_Change, Volume_ZScore_20",0.5111111111111111,0.5111111111111111,0.5277777777777778,0.41304347826086957,0.4634146341463415,0.6136363636363636,0.5133399209486166,0.4,0.5111111111111111,0.5111111111111111,0.46111111111111114,0.5149999999999999,balanced_accuracy,0.6048780487804877,0.55,0.5439628482972136,-1.225617523947725,-0.07420906802455045,0.5947608999999829,0.0018709000000853848,5425.0,yfinance,"Same trained QQTN probabilities as the main row, but the validation threshold optimizes balanced accuracy to reduce one-sided up/down predictions. Main bidirectional model. Reuses the qutrit-inspired three-state feature map from the interim QQTN track. Bidirectional direction track: next-day up/down target, train-only feature scaling, time-ordered train/validation/test split, validation-calibrated probability threshold. Feature count=29, hidden_dim=48, device=cuda."
ANN+QQBN+QQTN ensemble,GOOGL,ANN/QQBN/QQTN calibrated ensemble,"Open, High, Low, Close, Volume, RSI, MACD, MACD_Signal, MACD_Hist, SMA5, SMA10, SMA20, ADX, Return_1, Log_Return_1, Return_2, Return_5, Momentum_3, Momentum_5, Volatility_5, Volatility_10, Volatility_20, Close_SMA5_Ratio, Close_SMA10_Ratio, Close_SMA20_Ratio, High_Low_Range, Open_Close_Range, Volume_Change, Volume_ZScore_20",0.5111111111111111,0.5111111111111111,0.5111111111111111,1.0,0.676470588235294,0.0,0.5,1.0,0.5111111111111111,0.5111111111111111,0.46111111111111114,0.5249999999999999,accuracy,0.6694560669456067,0.5611111111111111,0.5445820433436532,1.9139168254082826,-0.13113220698422098,0.0,0.0,0.0,yfinance,"Validation-calibrated probability average over the reused interim ANN, QQBN, and QQTN models. This is an ensemble view, not a new paper architecture."
ANN+QQBN+QQTN balanced ensemble,GOOGL,ANN/QQBN/QQTN calibrated ensemble,"Open, High, Low, Close, Volume, RSI, MACD, MACD_Signal, MACD_Hist, SMA5, SMA10, SMA20, ADX, Return_1, Log_Return_1, Return_2, Return_5, Momentum_3, Momentum_5, Volatility_5, Volatility_10, Volatility_20, Close_SMA5_Ratio, Close_SMA10_Ratio, Close_SMA20_Ratio, High_Low_Range, Open_Close_Range, Volume_Change, Volume_ZScore_20",0.5111111111111111,0.5111111111111111,0.5111111111111111,1.0,0.676470588235294,0.0,0.5,1.0,0.5111111111111111,0.5111111111111111,0.46111111111111114,0.5249999999999999,balanced_accuracy,0.6694560669456067,0.5611111111111111,0.5445820433436532,1.9139168254082826,-0.13113220698422098,0.0,0.0,0.0,yfinance,"Same probability average as the ensemble row, but with the validation threshold optimized for balanced accuracy. This row is included to inspect the up/down class balance directly."
Majority baseline,NVDA,Baseline,Target distribution,0.5277777777777778,0.5277777777777778,0.5277777777777778,1.0,0.6909090909090909,0.0,0.5,1.0,0.5277777777777778,0.5277777777777778,0.49444444444444446,N/A,N/A,N/A,N/A,N/A,0.7472609661157865,N/A,0.0,0.0,0.0,yfinance,Time-ordered test baseline for the next-day up/down prediction track.
Momentum baseline,NVDA,Baseline,Previous-day return sign,0.49444444444444446,0.49444444444444446,0.5212765957446809,0.5157894736842106,0.5185185185185186,0.47058823529411764,0.4931888544891641,0.5222222222222223,0.5277777777777778,0.5277777777777778,0.49444444444444446,N/A,N/A,N/A,N/A,N/A,-0.9022223879286394,N/A,0.0,0.0,0.0,yfinance,Time-ordered test baseline for the next-day up/down prediction track.
ANN,NVDA,ANNClassifier,"Open, High, Low, Close, Volume, RSI, MACD, MACD_Signal, MACD_Hist, SMA5, SMA10, SMA20, ADX, Return_1, Log_Return_1, Return_2, Return_5, Momentum_3, Momentum_5, Volatility_5, Volatility_10, Volatility_20, Close_SMA5_Ratio, Close_SMA10_Ratio, Close_SMA20_Ratio, High_Low_Range, Open_Close_Range, Volume_Change, Volume_ZScore_20",0.5166666666666667,0.5166666666666667,0.5235294117647059,0.9368421052631579,0.6716981132075471,0.047058823529411764,0.49195046439628487,0.9444444444444444,0.5277777777777778,0.5277777777777778,0.49444444444444446,0.46499999999999997,f1,0.6956521739130436,0.5333333333333333,0.4948453608247423,0.180495913467989,-0.06346490880568954,0.5650694999999359,0.0012459999998100102,2641.0,yfinance,"Classical ANN comparison from the interim qubit/qutrit paper track. Bidirectional direction track: next-day up/down target, train-only feature scaling, time-ordered train/validation/test split, validation-calibrated probability threshold. Feature count=29, hidden_dim=48, device=cuda."
QQBN,NVDA,QQBNClassifier,"Open, High, Low, Close, Volume, RSI, MACD, MACD_Signal, MACD_Hist, SMA5, SMA10, SMA20, ADX, Return_1, Log_Return_1, Return_2, Return_5, Momentum_3, Momentum_5, Volatility_5, Volatility_10, Volatility_20, Close_SMA5_Ratio, Close_SMA10_Ratio, Close_SMA20_Ratio, High_Low_Range, Open_Close_Range, Volume_Change, Volume_ZScore_20",0.5277777777777778,0.5277777777777778,0.5277777777777778,1.0,0.6909090909090909,0.0,0.5,1.0,0.5277777777777778,0.5277777777777778,0.49444444444444446,0.47,f1,0.6956521739130436,0.5333333333333333,0.4948453608247423,0.7472609661157865,0.03583974058009898,0.7634610000000066,0.0013343999999051448,4033.0,yfinance,"Qubit-inspired comparison model from the interim QQBN track. Bidirectional direction track: next-day up/down target, train-only feature scaling, time-ordered train/validation/test split, validation-calibrated probability threshold. Feature count=29, hidden_dim=48, device=cuda."
QQTN,NVDA,QQTNClassifier,"Open, High, Low, Close, Volume, RSI, MACD, MACD_Signal, MACD_Hist, SMA5, SMA10, SMA20, ADX, Return_1, Log_Return_1, Return_2, Return_5, Momentum_3, Momentum_5, Volatility_5, Volatility_10, Volatility_20, Close_SMA5_Ratio, Close_SMA10_Ratio, Close_SMA20_Ratio, High_Low_Range, Open_Close_Range, Volume_Change, Volume_ZScore_20",0.5666666666666667,0.5666666666666667,0.5502958579881657,0.9789473684210527,0.7045454545454547,0.10588235294117647,0.5424148606811146,0.9388888888888889,0.5277777777777778,0.5277777777777778,0.49444444444444446,0.45499999999999996,f1,0.6962962962962963,0.5444444444444444,0.5086324680163955,1.8418945711039174,0.04271596871041438,0.6948489999999765,0.0012007999998786545,5425.0,yfinance,"Main bidirectional model. Reuses the qutrit-inspired three-state feature map from the interim QQTN track. Bidirectional direction track: next-day up/down target, train-only feature scaling, time-ordered train/validation/test split, validation-calibrated probability threshold. Feature count=29, hidden_dim=48, device=cuda."
QQTN balanced threshold,NVDA,QQTNClassifier,"Open, High, Low, Close, Volume, RSI, MACD, MACD_Signal, MACD_Hist, SMA5, SMA10, SMA20, ADX, Return_1, Log_Return_1, Return_2, Return_5, Momentum_3, Momentum_5, Volatility_5, Volatility_10, Volatility_20, Close_SMA5_Ratio, Close_SMA10_Ratio, Close_SMA20_Ratio, High_Low_Range, Open_Close_Range, Volume_Change, Volume_ZScore_20",0.5666666666666667,0.5666666666666667,0.5502958579881657,0.9789473684210527,0.7045454545454547,0.10588235294117647,0.5424148606811146,0.9388888888888889,0.5277777777777778,0.5277777777777778,0.49444444444444446,0.45499999999999996,balanced_accuracy,0.6962962962962963,0.5444444444444444,0.5086324680163955,1.8418945711039174,0.04271596871041438,0.6948489999999765,0.0012007999998786545,5425.0,yfinance,"Same trained QQTN probabilities as the main row, but the validation threshold optimizes balanced accuracy to reduce one-sided up/down predictions. Main bidirectional model. Reuses the qutrit-inspired three-state feature map from the interim QQTN track. Bidirectional direction track: next-day up/down target, train-only feature scaling, time-ordered train/validation/test split, validation-calibrated probability threshold. Feature count=29, hidden_dim=48, device=cuda."
ANN+QQBN+QQTN ensemble,NVDA,ANN/QQBN/QQTN calibrated ensemble,"Open, High, Low, Close, Volume, RSI, MACD, MACD_Signal, MACD_Hist, SMA5, SMA10, SMA20, ADX, Return_1, Log_Return_1, Return_2, Return_5, Momentum_3, Momentum_5, Volatility_5, Volatility_10, Volatility_20, Close_SMA5_Ratio, Close_SMA10_Ratio, Close_SMA20_Ratio, High_Low_Range, Open_Close_Range, Volume_Change, Volume_ZScore_20",0.5277777777777778,0.5277777777777778,0.5280898876404494,0.9894736842105263,0.6886446886446885,0.011764705882352941,0.5006191950464396,0.9888888888888889,0.5277777777777778,0.5277777777777778,0.49444444444444446,0.46499999999999997,accuracy,0.6956521739130436,0.5333333333333333,0.4948453608247423,0.6595027312861883,0.015404620581172077,0.0,0.0,0.0,yfinance,"Validation-calibrated probability average over the reused interim ANN, QQBN, and QQTN models. This is an ensemble view, not a new paper architecture."
ANN+QQBN+QQTN balanced ensemble,NVDA,ANN/QQBN/QQTN calibrated ensemble,"Open, High, Low, Close, Volume, RSI, MACD, MACD_Signal, MACD_Hist, SMA5, SMA10, SMA20, ADX, Return_1, Log_Return_1, Return_2, Return_5, Momentum_3, Momentum_5, Volatility_5, Volatility_10, Volatility_20, Close_SMA5_Ratio, Close_SMA10_Ratio, Close_SMA20_Ratio, High_Low_Range, Open_Close_Range, Volume_Change, Volume_ZScore_20",0.4722222222222222,0.4722222222222222,0.0,0.0,0.0,1.0,0.5,0.0,0.5277777777777778,0.5277777777777778,0.49444444444444446,0.49,balanced_accuracy,0.09615384615384615,0.4777777777777778,0.5137250031052043,-0.7472609661157865,0.015404620581172077,0.0,0.0,0.0,yfinance,"Same probability average as the ensemble row, but with the validation threshold optimized for balanced accuracy. This row is included to inspect the up/down class balance directly."
Majority baseline,Average (4 assets),Baseline,Target distribution,0.5111111111111111,0.5111111111111111,0.5111111111111111,1.0,0.6761353217549232,0.0,0.5,1.0,0.5111111111111111,0.5111111111111111,0.5027777777777778,per-symbol,per-symbol,per-symbol,per-symbol,per-symbol,0.6379793316287811,per-symbol,0.0,0.0,0.0,yfinance,"Mean across AAPL, GOOGL, MSFT, NVDA for the bidirectional direction track."
Momentum baseline,Average (4 assets),Baseline,Previous-day return sign,0.5027777777777778,0.5027777777777778,0.513616458244509,0.5109606356844798,0.5122814096039144,0.49209169313658485,0.5015261644105323,0.5083333333333333,0.5111111111111111,0.5111111111111111,0.5027777777777778,per-symbol,per-symbol,per-symbol,per-symbol,per-symbol,0.016991498981736075,per-symbol,0.0,0.0,0.0,yfinance,"Mean across AAPL, GOOGL, MSFT, NVDA for the bidirectional direction track."
ANN,Average (4 assets),ANNClassifier,"Open, High, Low, Close, Volume, RSI, MACD, MACD_Signal, MACD_Hist, SMA5, SMA10, SMA20, ADX, Return_1, Log_Return_1, Return_2, Return_5, Momentum_3, Momentum_5, Volatility_5, Volatility_10, Volatility_20, Close_SMA5_Ratio, Close_SMA10_Ratio, Close_SMA20_Ratio, High_Low_Range, Open_Close_Range, Volume_Change, Volume_ZScore_20",0.5097222222222222,0.5097222222222222,0.5106375318488977,0.9812693498452012,0.6712605623504215,0.017027863777089782,0.49914860681114553,0.9819444444444445,0.5111111111111111,0.5111111111111111,0.5027777777777778,per-symbol,per-symbol,per-symbol,per-symbol,per-symbol,0.5457203721420983,per-symbol,6.293114175000028,0.031838524999898254,2641.0,yfinance,"Mean across AAPL, GOOGL, MSFT, NVDA for the bidirectional direction track."
QQBN,Average (4 assets),QQBNClassifier,"Open, High, Low, Close, Volume, RSI, MACD, MACD_Signal, MACD_Hist, SMA5, SMA10, SMA20, ADX, Return_1, Log_Return_1, Return_2, Return_5, Momentum_3, Momentum_5, Volatility_5, Volatility_10, Volatility_20, Close_SMA5_Ratio, Close_SMA10_Ratio, Close_SMA20_Ratio, High_Low_Range, Open_Close_Range, Volume_Change, Volume_ZScore_20",0.5111111111111111,0.5111111111111111,0.5111111111111111,1.0,0.6761353217549232,0.0,0.5,1.0,0.5111111111111111,0.5111111111111111,0.5027777777777778,per-symbol,per-symbol,per-symbol,per-symbol,per-symbol,0.6379793316287811,per-symbol,2.751345199999946,0.05982137499995588,4033.0,yfinance,"Mean across AAPL, GOOGL, MSFT, NVDA for the bidirectional direction track."
QQTN,Average (4 assets),QQTNClassifier,"Open, High, Low, Close, Volume, RSI, MACD, MACD_Signal, MACD_Hist, SMA5, SMA10, SMA20, ADX, Return_1, Log_Return_1, Return_2, Return_5, Momentum_3, Momentum_5, Volatility_5, Volatility_10, Volatility_20, Close_SMA5_Ratio, Close_SMA10_Ratio, Close_SMA20_Ratio, High_Low_Range, Open_Close_Range, Volume_Change, Volume_ZScore_20",0.523611111111111,0.523611111111111,0.5181628835206756,0.9865846681922197,0.6789395983722363,0.04025647340275823,0.513420570797489,0.9736111111111112,0.5111111111111111,0.5111111111111111,0.5027777777777778,per-symbol,per-symbol,per-symbol,per-symbol,per-symbol,0.9537528271238559,per-symbol,0.693294499999979,0.0018004249999421518,5425.0,yfinance,"Mean across AAPL, GOOGL, MSFT, NVDA for the bidirectional direction track."
QQTN balanced threshold,Average (4 assets),QQTNClassifier,"Open, High, Low, Close, Volume, RSI, MACD, MACD_Signal, MACD_Hist, SMA5, SMA10, SMA20, ADX, Return_1, Log_Return_1, Return_2, Return_5, Momentum_3, Momentum_5, Volatility_5, Volatility_10, Volatility_20, Close_SMA5_Ratio, Close_SMA10_Ratio, Close_SMA20_Ratio, High_Low_Range, Open_Close_Range, Volume_Change, Volume_ZScore_20",0.523611111111111,0.523611111111111,0.5222337647467293,0.8479977116704805,0.6275000238261148,0.18514283703912185,0.5165702743548013,0.8319444444444444,0.5111111111111111,0.5111111111111111,0.5027777777777778,per-symbol,per-symbol,per-symbol,per-symbol,per-symbol,0.2240920165180286,per-symbol,0.693294499999979,0.0018004249999421518,5425.0,yfinance,"Mean across AAPL, GOOGL, MSFT, NVDA for the bidirectional direction track."
ANN+QQBN+QQTN ensemble,Average (4 assets),ANN/QQBN/QQTN calibrated ensemble,"Open, High, Low, Close, Volume, RSI, MACD, MACD_Signal, MACD_Hist, SMA5, SMA10, SMA20, ADX, Return_1, Log_Return_1, Return_2, Return_5, Momentum_3, Momentum_5, Volatility_5, Volatility_10, Volatility_20, Close_SMA5_Ratio, Close_SMA10_Ratio, Close_SMA20_Ratio, High_Low_Range, Open_Close_Range, Volume_Change, Volume_ZScore_20",0.5111111111111111,0.5111111111111111,0.5111891385767791,0.9973684210526316,0.6755692211888226,0.0029411764705882353,0.50015479876161,0.9972222222222222,0.5111111111111111,0.5111111111111111,0.5027777777777778,per-symbol,per-symbol,per-symbol,per-symbol,per-symbol,0.6160397729213816,per-symbol,0.0,0.0,0.0,yfinance,"Mean across AAPL, GOOGL, MSFT, NVDA for the bidirectional direction track."
ANN+QQBN+QQTN balanced ensemble,Average (4 assets),ANN/QQBN/QQTN calibrated ensemble,"Open, High, Low, Close, Volume, RSI, MACD, MACD_Signal, MACD_Hist, SMA5, SMA10, SMA20, ADX, Return_1, Log_Return_1, Return_2, Return_5, Momentum_3, Momentum_5, Volatility_5, Volatility_10, Volatility_20, Close_SMA5_Ratio, Close_SMA10_Ratio, Close_SMA20_Ratio, High_Low_Range, Open_Close_Range, Volume_Change, Volume_ZScore_20",0.49722222222222223,0.49722222222222223,0.37916666666666665,0.75,0.5034080490276505,0.25,0.5,0.75,0.5111111111111111,0.5111111111111111,0.5027777777777778,per-symbol,per-symbol,per-symbol,per-symbol,per-symbol,0.2643488485708878,per-symbol,0.0,0.0,0.0,yfinance,"Mean across AAPL, GOOGL, MSFT, NVDA for the bidirectional direction track."
