symbol,model,epoch,train_loss,val_loss,device
AAPL,ANN,1,0.6636244455973307,0.6616902351379395,cuda
AAPL,ANN,2,0.6600441137949625,0.653204083442688,cuda
AAPL,ANN,3,0.6606794595718384,0.6523785591125488,cuda
AAPL,ANN,4,0.6602595349152883,0.6522484421730042,cuda
AAPL,ANN,5,0.6597865025202433,0.651863694190979,cuda
AAPL,ANN,6,0.6594026982784271,0.6513188481330872,cuda
AAPL,ANN,7,0.6591357737779617,0.6510814428329468,cuda
AAPL,ANN,8,0.6586646089951197,0.6506508588790894,cuda
AAPL,ANN,9,0.658372143904368,0.6502388119697571,cuda
AAPL,ANN,10,0.657539298137029,0.6494154334068298,cuda
AAPL,ANN,11,0.6572957386573156,0.6494426727294922,cuda
AAPL,ANN,12,0.6564600765705109,0.6487595438957214,cuda
AAPL,ANN,13,0.6562724908192953,0.6488226652145386,cuda
AAPL,ANN,14,0.6543165693680445,0.6479726433753967,cuda
AAPL,ANN,15,0.6536479194959005,0.6479533910751343,cuda
AAPL,ANN,16,0.6520195305347443,0.648244321346283,cuda
AAPL,ANN,17,0.6511674125989279,0.6492420434951782,cuda
AAPL,ANN,18,0.6490035057067871,0.6496052145957947,cuda
AAPL,ANN,19,0.6481190919876099,0.648829460144043,cuda
AAPL,ANN,20,0.6438516726096472,0.6533478498458862,cuda
AAPL,ANN,21,0.6443623105684916,0.651223361492157,cuda
AAPL,ANN,22,0.6413750350475311,0.6543298363685608,cuda
AAPL,ANN,23,0.6401031489173571,0.654731035232544,cuda
AAPL,ANN,24,0.6391580502192179,0.6551931500434875,cuda
AAPL,ANN,25,0.6384883026281992,0.655695915222168,cuda
AAPL,ANN,26,0.6377579992016157,0.6562927961349487,cuda
AAPL,ANN,27,0.6368464455008507,0.6566232442855835,cuda
AAPL,ANN,28,0.6365540251135826,0.6567252278327942,cuda
AAPL,ANN,29,0.6362032989660898,0.6571589112281799,cuda
AAPL,QQBN,1,0.6735887924830118,0.6512280702590942,cuda
AAPL,QQBN,2,0.6669569859902064,0.6518324017524719,cuda
AAPL,QQBN,3,0.661706288655599,0.654259979724884,cuda
AAPL,QQBN,4,0.659863809744517,0.6502396464347839,cuda
AAPL,QQBN,5,0.6608015497525533,0.6510190367698669,cuda
AAPL,QQBN,6,0.6597156971693039,0.6502453684806824,cuda
AAPL,QQBN,7,0.659382238984108,0.6495705842971802,cuda
AAPL,QQBN,8,0.6589476466178894,0.6493574380874634,cuda
AAPL,QQBN,9,0.6583267350991567,0.6491504907608032,cuda
AAPL,QQBN,10,0.6578252812226614,0.6493183970451355,cuda
AAPL,QQBN,11,0.6572352200746536,0.6497134566307068,cuda
AAPL,QQBN,12,0.6566780855258306,0.6503165364265442,cuda
AAPL,QQBN,13,0.6561109920342764,0.6510575413703918,cuda
AAPL,QQBN,14,0.6540661056836446,0.651911199092865,cuda
AAPL,QQBN,15,0.6539317766825358,0.6520890593528748,cuda
AAPL,QQBN,16,0.6533216883738836,0.6527172327041626,cuda
AAPL,QQBN,17,0.6530279368162155,0.653111457824707,cuda
AAPL,QQBN,18,0.6518475313981374,0.6536514163017273,cuda
AAPL,QQBN,19,0.6517075002193451,0.6538013219833374,cuda
AAPL,QQBN,20,0.6514254858096441,0.6539726257324219,cuda
AAPL,QQBN,21,0.651149183511734,0.6542451977729797,cuda
AAPL,QQBN,22,0.6505658229192098,0.6544591784477234,cuda
AAPL,QQBN,23,0.6504479944705963,0.6545764803886414,cuda
AAPL,QQTN,1,0.6681929876406988,0.6554213166236877,cuda
AAPL,QQTN,2,0.6625177760918936,0.6531962156295776,cuda
AAPL,QQTN,3,0.6559759030739466,0.6495078802108765,cuda
AAPL,QQTN,4,0.6538691023985544,0.654097318649292,cuda
AAPL,QQTN,5,0.6496486663818359,0.671875536441803,cuda
AAPL,QQTN,6,0.6471624299883842,0.6997599601745605,cuda
AAPL,QQTN,7,0.6455144782861074,0.7260279059410095,cuda
AAPL,QQTN,8,0.6429423515995344,0.7283535003662109,cuda
AAPL,QQTN,9,0.6414675464232763,0.7398715019226074,cuda
AAPL,QQTN,10,0.6409411802887917,0.7479301691055298,cuda
AAPL,QQTN,11,0.6404164036115011,0.7559204697608948,cuda
AAPL,QQTN,12,0.6385611866911253,0.7600167393684387,cuda
AAPL,QQTN,13,0.6381324256459872,0.7642428874969482,cuda
AAPL,QQTN,14,0.6377931584914526,0.7687565088272095,cuda
AAPL,QQTN,15,0.6374776264031728,0.7727884650230408,cuda
AAPL,QQTN,16,0.6366398980220159,0.7750453948974609,cuda
AAPL,QQTN,17,0.6364827627936999,0.7766512632369995,cuda
MSFT,ANN,1,0.6719342470169067,0.6693910360336304,cuda
MSFT,ANN,2,0.6653480331103007,0.6730260848999023,cuda
MSFT,ANN,3,0.6658120006322861,0.6756981015205383,cuda
MSFT,ANN,4,0.6632855882247289,0.6805245876312256,cuda
MSFT,ANN,5,0.6616127441326777,0.6857913136482239,cuda
MSFT,ANN,6,0.6601234177748362,0.6891070008277893,cuda
MSFT,ANN,7,0.659538189570109,0.6914466023445129,cuda
MSFT,ANN,8,0.6589536368846893,0.6938170790672302,cuda
MSFT,ANN,9,0.6583973467350006,0.6956567168235779,cuda
MSFT,ANN,10,0.6576632410287857,0.6970497965812683,cuda
MSFT,ANN,11,0.657380630572637,0.6981155276298523,cuda
MSFT,ANN,12,0.6570760011672974,0.6990731954574585,cuda
MSFT,ANN,13,0.6567775855461756,0.6998963356018066,cuda
MSFT,ANN,14,0.6564016888538996,0.7003477215766907,cuda
MSFT,ANN,15,0.6562399367491404,0.7007626891136169,cuda
MSFT,QQBN,1,0.6622838328282038,0.6958552598953247,cuda
MSFT,QQBN,2,0.6964524686336517,0.6707932353019714,cuda
MSFT,QQBN,3,0.6639880885680517,0.675555944442749,cuda
MSFT,QQBN,4,0.6676903665065765,0.6765013337135315,cuda
MSFT,QQBN,5,0.6618685821692148,0.6876914501190186,cuda
MSFT,QQBN,6,0.6616486857334772,0.6953619718551636,cuda
MSFT,QQBN,7,0.6602271497249603,0.7008565664291382,cuda
MSFT,QQBN,8,0.660181944568952,0.7006422281265259,cuda
MSFT,QQBN,9,0.6598231395085653,0.7011700868606567,cuda
MSFT,QQBN,10,0.6595508207877477,0.7021355032920837,cuda
MSFT,QQBN,11,0.6590362638235092,0.7025221586227417,cuda
MSFT,QQBN,12,0.658889169494311,0.7031834721565247,cuda
MSFT,QQBN,13,0.6587471266587576,0.7039898633956909,cuda
MSFT,QQBN,14,0.6586167911688486,0.7046743035316467,cuda
MSFT,QQBN,15,0.6583353827397028,0.7050149440765381,cuda
MSFT,QQBN,16,0.6582641353209814,0.7053434252738953,cuda
MSFT,QQTN,1,0.6775311529636383,0.670668363571167,cuda
MSFT,QQTN,2,0.6731528341770172,0.6713414192199707,cuda
MSFT,QQTN,3,0.6628063569466273,0.6847859621047974,cuda
MSFT,QQTN,4,0.6622148553530375,0.6937565207481384,cuda
MSFT,QQTN,5,0.6605442861715952,0.7062014937400818,cuda
MSFT,QQTN,6,0.6593524316946665,0.7032352685928345,cuda
MSFT,QQTN,7,0.6586558123429617,0.705873429775238,cuda
MSFT,QQTN,8,0.6584003468354543,0.7064076066017151,cuda
MSFT,QQTN,9,0.657932460308075,0.708369255065918,cuda
MSFT,QQTN,10,0.6571169346570969,0.7089946269989014,cuda
MSFT,QQTN,11,0.656890461842219,0.7095924019813538,cuda
MSFT,QQTN,12,0.656651129325231,0.7105816006660461,cuda
MSFT,QQTN,13,0.6564354250828425,0.7112785577774048,cuda
MSFT,QQTN,14,0.6559650947650274,0.7115978598594666,cuda
MSFT,QQTN,15,0.6558422744274139,0.7119001746177673,cuda
GOOGL,ANN,1,0.6637634833653768,0.6591376662254333,cuda
GOOGL,ANN,2,0.6551338732242584,0.6556984186172485,cuda
GOOGL,ANN,3,0.6556288550297419,0.6560736894607544,cuda
GOOGL,ANN,4,0.6543267667293549,0.6561440229415894,cuda
GOOGL,ANN,5,0.6516468326250712,0.6597663164138794,cuda
GOOGL,ANN,6,0.6504884958267212,0.6621606349945068,cuda
GOOGL,ANN,7,0.6485255757967631,0.663575291633606,cuda
GOOGL,ANN,8,0.6479996591806412,0.6631717085838318,cuda
GOOGL,ANN,9,0.6466898719469706,0.6670172810554504,cuda
GOOGL,ANN,10,0.6462970276673635,0.6684957146644592,cuda
GOOGL,ANN,11,0.6453504761060079,0.6681914925575256,cuda
GOOGL,ANN,12,0.6448718259731928,0.6687353849411011,cuda
GOOGL,ANN,13,0.6443921426932017,0.6697781085968018,cuda
GOOGL,ANN,14,0.6440486858288447,0.6700786352157593,cuda
GOOGL,ANN,15,0.643431360522906,0.6701734662055969,cuda
GOOGL,ANN,16,0.6432506094376246,0.6700045466423035,cuda
GOOGL,QQBN,1,0.6539576749006907,0.6718652248382568,cuda
GOOGL,QQBN,2,0.6881013512611389,0.6597959995269775,cuda
GOOGL,QQBN,3,0.6550382425387701,0.6565910577774048,cuda
GOOGL,QQBN,4,0.6586222449938456,0.6572026014328003,cuda
GOOGL,QQBN,5,0.6545358995596567,0.6590383648872375,cuda
GOOGL,QQBN,6,0.652781531214714,0.6630469560623169,cuda
GOOGL,QQBN,7,0.6517058163881302,0.6676367521286011,cuda
GOOGL,QQBN,8,0.6502077033122381,0.6676393747329712,cuda
GOOGL,QQBN,9,0.6494874556859335,0.6683836579322815,cuda
GOOGL,QQBN,10,0.6488064527511597,0.669745683670044,cuda
GOOGL,QQBN,11,0.6487318476041158,0.6693372130393982,cuda
GOOGL,QQBN,12,0.6475925197203954,0.66878741979599,cuda
GOOGL,QQBN,13,0.647313634554545,0.6683470606803894,cuda
GOOGL,QQBN,14,0.6468304942051569,0.6690776348114014,cuda
GOOGL,QQBN,15,0.6466314742962519,0.6692838072776794,cuda
GOOGL,QQBN,16,0.6461044400930405,0.6689125299453735,cuda
GOOGL,QQBN,17,0.6459504614273707,0.6685033440589905,cuda
GOOGL,QQTN,1,0.6691559801499048,0.6532590389251709,cuda
GOOGL,QQTN,2,0.6628232896327972,0.657863438129425,cuda
GOOGL,QQTN,3,0.651021679242452,0.6635010838508606,cuda
GOOGL,QQTN,4,0.6493855516115824,0.6721398830413818,cuda
GOOGL,QQTN,5,0.6469769428173701,0.6835891604423523,cuda
GOOGL,QQTN,6,0.646992489695549,0.6762005686759949,cuda
GOOGL,QQTN,7,0.6446292599042257,0.678609311580658,cuda
GOOGL,QQTN,8,0.6441207130750021,0.6797121167182922,cuda
GOOGL,QQTN,9,0.6436599244674047,0.6806796193122864,cuda
GOOGL,QQTN,10,0.642031287153562,0.6808862090110779,cuda
GOOGL,QQTN,11,0.6415984084208807,0.6812068819999695,cuda
GOOGL,QQTN,12,0.6409234354893366,0.6830582618713379,cuda
GOOGL,QQTN,13,0.6406206140915552,0.6838380098342896,cuda
GOOGL,QQTN,14,0.6397687842448553,0.6836782097816467,cuda
GOOGL,QQTN,15,0.639506126443545,0.6835616827011108,cuda
NVDA,ANN,1,0.646636113524437,0.6455811262130737,cuda
NVDA,ANN,2,0.6451566070318222,0.6457482576370239,cuda
NVDA,ANN,3,0.6447440981864929,0.6462337374687195,cuda
NVDA,ANN,4,0.6443157494068146,0.646789014339447,cuda
NVDA,ANN,5,0.6438056727250417,0.6473446488380432,cuda
NVDA,ANN,6,0.6431822677453359,0.6478833556175232,cuda
NVDA,ANN,7,0.642953117688497,0.6486585140228271,cuda
NVDA,ANN,8,0.6425488789876302,0.648868203163147,cuda
NVDA,ANN,9,0.6422258367141088,0.6492721438407898,cuda
NVDA,ANN,10,0.641695037484169,0.6496896743774414,cuda
NVDA,ANN,11,0.6414620776971182,0.6497844457626343,cuda
NVDA,ANN,12,0.6412853995958964,0.6501369476318359,cuda
NVDA,ANN,13,0.6410573273897171,0.6502438187599182,cuda
NVDA,ANN,14,0.6407637894153595,0.6503441333770752,cuda
NVDA,ANN,15,0.6406614085038503,0.6505600214004517,cuda
NVDA,QQBN,1,0.6530613899230957,0.6574532389640808,cuda
NVDA,QQBN,2,0.6560501654942831,0.648323118686676,cuda
NVDA,QQBN,3,0.6450132876634598,0.6460872888565063,cuda
NVDA,QQBN,4,0.6469946255286535,0.6463745832443237,cuda
NVDA,QQBN,5,0.6452771077553431,0.6459569931030273,cuda
NVDA,QQBN,6,0.6453270614147186,0.6461363434791565,cuda
NVDA,QQBN,7,0.6452228426933289,0.6463383436203003,cuda
NVDA,QQBN,8,0.6449004759391149,0.6463664770126343,cuda
NVDA,QQBN,9,0.6448705395062765,0.6465590000152588,cuda
NVDA,QQBN,10,0.64369335770607,0.6470015048980713,cuda
NVDA,QQBN,11,0.6434499770402908,0.6473100781440735,cuda
NVDA,QQBN,12,0.6431017220020294,0.6472335457801819,cuda
NVDA,QQBN,13,0.6430975099404653,0.6474466919898987,cuda
NVDA,QQBN,14,0.6423323700825373,0.6477253437042236,cuda
NVDA,QQBN,15,0.6421787689129511,0.6479577422142029,cuda
NVDA,QQBN,16,0.6419474830230077,0.6479344367980957,cuda
NVDA,QQBN,17,0.641838918129603,0.6479822993278503,cuda
NVDA,QQBN,18,0.6414399792750677,0.6481152772903442,cuda
NVDA,QQBN,19,0.6413635611534119,0.6482683420181274,cuda
NVDA,QQTN,1,0.6526295443375906,0.6468850374221802,cuda
NVDA,QQTN,2,0.6502889841794968,0.646806001663208,cuda
NVDA,QQTN,3,0.6433465133110682,0.6444153189659119,cuda
NVDA,QQTN,4,0.6438682476679484,0.646637499332428,cuda
NVDA,QQTN,5,0.6419692387183508,0.6459778547286987,cuda
NVDA,QQTN,6,0.6416020741065344,0.6468878984451294,cuda
NVDA,QQTN,7,0.6401846011479696,0.6453809142112732,cuda
NVDA,QQTN,8,0.6389116992553076,0.647293746471405,cuda
NVDA,QQTN,9,0.6380604455868403,0.6453635096549988,cuda
NVDA,QQTN,10,0.6377562483151754,0.6461786031723022,cuda
NVDA,QQTN,11,0.6371464679638544,0.6453475952148438,cuda
NVDA,QQTN,12,0.6364007989565531,0.6468885540962219,cuda
NVDA,QQTN,13,0.63594884177049,0.6460822224617004,cuda
NVDA,QQTN,14,0.6356412768363953,0.6461546421051025,cuda
NVDA,QQTN,15,0.63532026608785,0.6461910009384155,cuda
NVDA,QQTN,16,0.6347865213950475,0.6466031670570374,cuda
NVDA,QQTN,17,0.6345852067073187,0.6467428207397461,cuda
